timestamp,temp_c,cloud_pct,wind_speed,wind_gust,hour_of_day,day_of_year,day_of_week,is_lab_hour,is_hostel_peak,solar_kw,wind_kw,demand_kw
2026-08-03 00:00:00,26.3,100,10.3,18.7,0,215,0,0,0,0.0,15.8,53.8
2026-08-03 01:00:00,26.4,100,11.4,21.2,1,215,0,0,0,0.0,14.8,51.5
2026-08-03 02:00:00,26.2,100,11.8,22.0,2,215,0,0,0,0.0,18.6,58.7
2026-08-03 03:00:00,26.0,100,12.6,24.1,3,215,0,0,0,0.0,21.7,56.9
2026-08-03 04:00:00,26.1,100,11.8,23.8,4,215,0,0,0,0.0,17.7,55.1
2026-08-03 05:00:00,26.4,100,13.0,22.7,5,215,0,0,0,0.0,21.5,58.8
2026-08-03 06:00:00,25.8,100,11.8,27.0,6,215,0,0,0,0.0,22.0,47.9
2026-08-03 07:00:00,24.9,100,8.4,24.8,7,215,0,0,0,0.0,13.9,45.9
2026-08-03 08:00:00,25.8,99,11.1,24.5,8,215,0,0,0,0.0,20.7,54.0
2026-08-03 09:00:00,27.1,100,8.6,25.9,9,215,0,1,0,19.7,17.8,162.2
2026-08-03 10:00:00,28.5,96,10.4,24.8,10,215,0,1,0,55.0,14.3,173.8
2026-08-03 11:00:00,30.1,96,12.2,28.1,11,215,0,1,0,87.6,24.3,170.7
2026-08-03 12:00:00,30.4,100,13.3,33.5,12,215,0,1,0,123.3,24.9,172.0
2026-08-03 13:00:00,30.3,100,14.5,34.2,13,215,0,1,0,87.1,29.7,177.7
2026-08-03 14:00:00,31.4,100,13.9,34.6,14,215,0,1,0,55.9,29.0,172.4
2026-08-03 15:00:00,32.0,100,13.8,36.7,15,215,0,1,0,18.4,26.4,183.1
2026-08-03 16:00:00,31.1,100,15.6,34.6,16,215,0,1,0,0.0,28.0,176.8
2026-08-03 17:00:00,31.1,98,15.0,34.6,17,215,0,1,0,0.0,30.2,184.9
2026-08-03 18:00:00,30.4,94,10.4,31.7,18,215,0,0,1,0.0,20.8,155.0
2026-08-03 19:00:00,29.4,100,5.8,20.9,19,215,0,0,1,0.0,12.1,149.3
2026-08-03 20:00:00,28.8,98,9.2,17.6,20,215,0,0,1,0.0,9.7,149.9
2026-08-03 21:00:00,28.4,99,8.0,18.0,21,215,0,0,1,0.0,8.7,142.9
2026-08-03 22:00:00,28.3,99,8.7,17.3,22,215,0,0,1,0.0,8.2,147.7
2026-08-03 23:00:00,28.4,100,11.3,18.7,23,215,0,0,1,0.0,17.9,153.5
2026-08-04 00:00:00,28.0,99,14.1,28.4,0,216,1,0,0,0.0,22.4,65.4
2026-08-04 01:00:00,27.4,100,14.1,29.5,1,216,1,0,0,0.0,24.6,52.9
2026-08-04 02:00:00,26.9,100,13.2,29.2,2,216,1,0,0,0.0,25.6,57.3
2026-08-04 03:00:00,26.5,100,14.8,29.9,3,216,1,0,0,0.0,28.8,62.3
2026-08-04 04:00:00,26.3,100,11.7,30.2,4,216,1,0,0,0.0,21.7,49.5
2026-08-04 05:00:00,27.8,98,13.4,22.3,5,216,1,0,0,0.0,24.2,76.1
2026-08-04 06:00:00,27.6,100,12.5,27.0,6,216,1,0,0,0.0,28.9,55.7
2026-08-04 07:00:00,27.7,100,10.1,25.6,7,216,1,0,0,0.0,18.7,61.3
2026-08-04 08:00:00,28.1,100,10.0,23.0,8,216,1,0,0,0.0,15.6,60.6
2026-08-04 09:00:00,28.4,100,10.0,24.1,9,216,1,1,0,19.7,16.0,168.4
2026-08-04 10:00:00,29.2,100,8.9,25.6,10,216,1,1,0,53.8,17.9,169.7
2026-08-04 11:00:00,29.4,100,10.3,25.2,11,216,1,1,0,87.4,19.7,178.1
2026-08-04 12:00:00,30.5,100,10.5,27.0,12,216,1,1,0,123.5,18.3,182.3
2026-08-04 13:00:00,31.8,100,10.5,27.7,13,216,1,1,0,86.4,21.5,183.1
2026-08-04 14:00:00,32.2,100,11.0,28.4,14,216,1,1,0,53.2,20.4,184.8
2026-08-04 15:00:00,32.4,99,10.8,26.6,15,216,1,1,0,18.6,22.4,186.2
2026-08-04 16:00:00,32.4,97,10.7,25.6,16,216,1,1,0,0.0,21.8,193.6
2026-08-04 17:00:00,31.5,100,10.2,25.2,17,216,1,1,0,0.0,18.2,182.2
2026-08-04 18:00:00,31.0,100,7.9,19.8,18,216,1,0,1,0.0,11.9,156.3
2026-08-04 19:00:00,30.0,100,8.2,16.2,19,216,1,0,1,0.0,9.8,149.2
2026-08-04 20:00:00,29.2,94,11.6,23.4,20,216,1,0,1,0.0,16.4,159.3
2026-08-04 21:00:00,28.5,100,12.1,24.1,21,216,1,0,1,0.0,15.3,147.6
2026-08-04 22:00:00,28.1,100,10.8,24.1,22,216,1,0,1,0.0,19.7,141.3
2026-08-04 23:00:00,28.6,100,12.2,21.6,23,216,1,0,1,0.0,20.3,147.5
2026-08-05 00:00:00,28.2,100,11.1,24.1,0,217,2,0,0,0.0,18.7,70.4
2026-08-05 01:00:00,28.0,98,10.7,22.3,1,217,2,0,0,0.0,14.8,59.4
2026-08-05 02:00:00,27.7,90,10.3,21.6,2,217,2,0,0,0.0,13.6,71.9
2026-08-05 03:00:00,27.6,97,9.6,20.5,3,217,2,0,0,0.0,10.8,67.0
2026-08-05 04:00:00,27.4,100,10.5,20.5,4,217,2,0,0,0.0,13.6,57.1
2026-08-05 05:00:00,27.6,71,13.8,25.6,5,217,2,0,0,0.0,24.0,75.7
2026-08-05 06:00:00,27.3,74,12.8,28.4,6,217,2,0,0,0.0,21.9,63.7
2026-08-05 07:00:00,27.8,94,11.4,25.9,7,217,2,0,0,0.0,18.3,58.0
2026-08-05 08:00:00,28.6,99,15.6,37.1,8,217,2,0,0,0.0,34.3,69.9
2026-08-05 09:00:00,29.4,97,16.0,39.2,9,217,2,1,0,19.5,32.1,159.0
2026-08-05 10:00:00,30.6,98,14.0,38.9,10,217,2,1,0,54.9,29.9,177.2
2026-08-05 11:00:00,31.3,34,13.6,33.5,11,217,2,1,0,140.1,30.5,183.6
2026-08-05 12:00:00,32.5,28,13.4,33.8,12,217,2,1,0,175.7,28.9,186.2
2026-08-05 13:00:00,33.1,32,13.2,34.2,13,217,2,1,0,141.8,29.8,190.0
2026-08-05 14:00:00,33.5,31,14.5,36.7,14,217,2,1,0,110.0,28.9,190.3
2026-08-05 15:00:00,33.5,47,14.3,36.7,15,217,2,1,0,60.0,28.7,184.2
2026-08-05 16:00:00,33.4,70,14.0,36.0,16,217,2,1,0,6.7,28.3,192.7
2026-08-05 17:00:00,33.0,20,12.8,32.0,17,217,2,1,0,16.3,28.6,191.0
2026-08-05 18:00:00,32.0,45,13.5,27.0,18,217,2,0,1,0.0,27.3,167.1
2026-08-05 19:00:00,30.6,88,12.3,29.5,19,217,2,0,1,0.0,24.0,157.5
2026-08-05 20:00:00,29.8,72,14.1,28.4,20,217,2,0,1,0.0,26.9,153.0
2026-08-05 21:00:00,29.1,84,12.6,28.8,21,217,2,0,1,0.0,24.8,150.4
2026-08-05 22:00:00,28.7,79,11.9,25.2,22,217,2,0,1,0.0,22.6,151.0
2026-08-05 23:00:00,28.8,96,12.3,23.8,23,217,2,0,1,0.0,20.6,147.7
2026-08-06 00:00:00,28.5,34,13.0,26.3,0,218,3,0,0,0.0,22.6,65.8
2026-08-06 01:00:00,28.2,62,13.4,27.0,1,218,3,0,0,0.0,27.8,67.0
2026-08-06 02:00:00,27.8,88,12.5,27.0,2,218,3,0,0,0.0,22.3,64.4
2026-08-06 03:00:00,27.5,89,13.0,26.3,3,218,3,0,0,0.0,23.1,56.2
2026-08-06 04:00:00,27.2,68,13.1,27.0,4,218,3,0,0,0.0,20.5,65.3
2026-08-06 05:00:00,27.4,83,15.6,28.4,5,218,3,0,0,0.0,27.9,64.8
2026-08-06 06:00:00,26.9,95,14.7,32.0,6,218,3,0,0,0.0,25.6,61.5
2026-08-06 07:00:00,27.2,74,14.2,31.0,7,218,3,0,0,0.0,23.5,58.9
2026-08-06 08:00:00,28.1,55,13.9,32.0,8,218,3,0,0,22.5,24.4,61.2
2026-08-06 09:00:00,29.2,91,15.3,36.4,9,218,3,1,0,28.2,30.6,172.8
2026-08-06 10:00:00,30.3,66,14.0,35.6,10,218,3,1,0,86.6,25.8,170.9
2026-08-06 11:00:00,31.5,51,14.7,34.6,11,218,3,1,0,125.9,27.8,177.0
2026-08-06 12:00:00,32.4,28,13.6,34.9,12,218,3,1,0,179.6,24.0,179.0
2026-08-06 13:00:00,33.2,21,12.7,33.5,13,218,3,1,0,151.3,30.1,196.8
2026-08-06 14:00:00,33.5,7,13.3,32.4,14,218,3,1,0,128.4,27.7,185.8
2026-08-06 15:00:00,33.5,7,14.6,34.9,15,218,3,1,0,93.7,27.9,191.8
2026-08-06 16:00:00,33.0,56,13.9,34.9,16,218,3,1,0,19.3,26.3,188.9
2026-08-06 17:00:00,32.9,45,13.7,32.4,17,218,3,1,0,0.0,25.2,195.8
2026-08-06 18:00:00,31.8,87,11.5,28.8,18,218,3,0,1,0.0,21.9,156.5
2026-08-06 19:00:00,30.6,90,13.7,27.4,19,218,3,0,1,0.0,23.7,159.7
2026-08-06 20:00:00,29.9,94,17.2,35.3,20,218,3,0,1,0.0,33.7,156.5
2026-08-06 21:00:00,29.3,95,13.5,34.9,21,218,3,0,1,0.0,26.9,144.7
2026-08-06 22:00:00,28.8,94,8.1,27.0,22,218,3,0,1,0.0,16.6,151.8
2026-08-06 23:00:00,29.1,97,11.3,16.6,23,218,3,0,1,0.0,15.7,144.0
2026-08-07 00:00:00,28.4,84,9.2,22.3,0,219,4,0,0,0.0,17.1,72.2
2026-08-07 01:00:00,28.0,61,11.0,21.6,1,219,4,0,0,0.0,17.1,64.9
2026-08-07 02:00:00,27.6,1,12.3,24.1,2,219,4,0,0,0.0,19.5,62.0
2026-08-07 03:00:00,27.3,0,14.9,30.2,3,219,4,0,0,1.9,31.2,63.0
2026-08-07 04:00:00,26.9,3,13.2,30.2,4,219,4,0,0,0.0,26.3,59.6
2026-08-07 05:00:00,27.3,3,13.2,26.6,5,219,4,0,0,0.0,24.6,59.0
2026-08-07 06:00:00,26.9,16,12.3,26.6,6,219,4,0,0,0.0,21.2,56.7
2026-08-07 07:00:00,27.3,59,12.5,27.0,7,219,4,0,0,0.0,23.6,68.9
2026-08-07 08:00:00,28.1,70,14.0,33.8,8,219,4,0,0,12.6,29.5,66.8
2026-08-07 09:00:00,29.2,91,11.9,32.4,9,219,4,1,0,27.2,23.5,169.5
2026-08-07 10:00:00,30.3,73,10.3,29.5,10,219,4,1,0,75.1,20.4,169.2
2026-08-07 11:00:00,31.5,72,10.1,27.0,11,219,4,1,0,108.5,19.3,187.3
2026-08-07 12:00:00,31.9,79,9.4,25.9,12,219,4,1,0,137.0,17.7,190.1
2026-08-07 13:00:00,32.9,70,9.7,26.6,13,219,4,1,0,113.1,17.5,193.9
2026-08-07 14:00:00,33.4,68,8.9,26.3,14,219,4,1,0,79.8,16.6,191.2
2026-08-07 15:00:00,33.6,100,8.4,23.8,15,219,4,1,0,18.9,14.9,189.7
2026-08-07 16:00:00,33.1,14,11.7,26.6,16,219,4,1,0,55.9,18.9,191.6
2026-08-07 17:00:00,32.4,49,14.3,29.9,17,219,4,1,0,0.0,28.0,185.1
2026-08-07 18:00:00,31.2,20,12.5,32.0,18,219,4,0,1,0.0,23.5,153.9
2026-08-07 19:00:00,30.0,91,13.7,27.0,19,219,4,0,1,0.0,26.2,151.0
2026-08-07 20:00:00,29.4,98,10.2,27.7,20,219,4,0,1,0.0,18.0,152.9
2026-08-07 21:00:00,28.8,95,9.7,20.9,21,219,4,0,1,0.0,11.2,145.2
2026-08-07 22:00:00,28.7,99,11.3,23.4,22,219,4,0,1,0.0,21.6,146.8
2026-08-07 23:00:00,29.2,98,13.4,26.3,23,219,4,0,1,0.0,21.7,154.4
2026-08-08 00:00:00,28.8,80,13.9,28.4,0,220,5,0,0,0.0,26.9,71.9
2026-08-08 01:00:00,28.5,100,11.2,27.4,1,220,5,0,0,0.0,21.1,59.3
2026-08-08 02:00:00,28.4,100,10.4,21.6,2,220,5,0,0,0.0,18.9,72.4
2026-08-08 03:00:00,28.2,100,9.8,20.5,3,220,5,0,0,0.0,12.1,63.6
2026-08-08 04:00:00,27.9,100,10.7,21.2,4,220,5,0,0,0.0,14.7,66.1
2026-08-08 05:00:00,28.0,59,14.4,25.6,5,220,5,0,0,0.0,24.0,55.9
2026-08-08 06:00:00,27.4,81,15.2,31.3,6,220,5,0,0,0.0,29.2,63.6
2026-08-08 07:00:00,27.5,59,14.5,31.7,7,220,5,0,0,0.0,28.1,61.8
2026-08-08 08:00:00,28.5,100,13.6,33.1,8,220,5,0,0,0.0,26.6,75.7
2026-08-08 09:00:00,28.7,89,11.8,30.6,9,220,5,0,0,29.8,21.4,64.4
2026-08-08 10:00:00,28.9,94,12.7,31.7,10,220,5,0,0,56.5,22.8,72.2
2026-08-08 11:00:00,31.3,70,14.2,30.2,11,220,5,0,0,109.7,25.8,75.9
2026-08-08 12:00:00,31.9,99,14.0,33.8,12,220,5,0,0,120.9,27.2,90.4
2026-08-08 13:00:00,31.8,56,14.4,34.2,13,220,5,0,0,122.4,29.3,83.6
2026-08-08 14:00:00,32.4,85,11.4,34.9,14,220,5,0,0,67.9,25.9,82.7
2026-08-08 15:00:00,32.6,95,9.4,28.8,15,220,5,0,0,20.9,20.0,83.7
2026-08-08 16:00:00,31.9,97,9.1,23.4,16,220,5,0,0,0.0,12.4,84.9
2026-08-08 17:00:00,33.4,35,9.5,23.4,17,220,5,0,0,6.4,16.2,91.5
2026-08-08 18:00:00,31.9,63,9.2,20.9,18,220,5,0,1,0.0,13.8,168.2
2026-08-08 19:00:00,30.8,80,8.2,18.7,19,220,5,0,1,0.0,11.6,158.6
2026-08-08 20:00:00,30.4,67,8.7,16.6,20,220,5,0,1,0.0,14.5,155.8
2026-08-08 21:00:00,29.6,80,8.8,17.3,21,220,5,0,1,0.0,14.5,156.2
2026-08-08 22:00:00,29.0,47,9.0,16.9,22,220,5,0,1,0.0,13.0,163.2
2026-08-08 23:00:00,28.6,35,13.2,18.0,23,220,5,0,1,0.0,20.6,141.0
2026-08-09 00:00:00,28.4,88,12.3,25.9,0,221,6,0,0,0.0,19.3,55.3
2026-08-09 01:00:00,28.4,34,12.3,24.8,1,221,6,0,0,0.0,22.4,67.4
2026-08-09 02:00:00,28.0,25,12.6,25.6,2,221,6,0,0,0.0,20.8,65.5
2026-08-09 03:00:00,27.7,27,11.6,25.6,3,221,6,0,0,0.0,20.4,70.5
2026-08-09 04:00:00,27.5,32,12.1,24.1,4,221,6,0,0,0.0,19.2,62.7
2026-08-09 05:00:00,27.6,45,12.9,24.8,5,221,6,0,0,0.0,20.2,65.1
2026-08-09 06:00:00,27.4,27,13.9,27.7,6,221,6,0,0,0.0,22.8,73.6
2026-08-09 07:00:00,27.6,17,13.3,28.8,7,221,6,0,0,20.5,24.2,59.5
2026-08-09 08:00:00,28.7,13,13.0,29.5,8,221,6,0,0,56.4,23.5,68.7
2026-08-09 09:00:00,30.0,100,11.4,29.9,9,221,6,0,0,15.9,26.8,73.2
2026-08-09 10:00:00,30.7,79,10.8,27.7,10,221,6,0,0,71.5,18.6,76.6
2026-08-09 11:00:00,32.4,34,11.5,27.4,11,221,6,0,0,139.6,19.9,87.2
2026-08-09 12:00:00,32.7,63,10.8,31.0,12,221,6,0,0,149.9,23.0,95.1
2026-08-09 13:00:00,33.6,97,11.1,30.6,13,221,6,0,0,85.5,22.2,95.8
2026-08-09 14:00:00,33.4,100,10.7,31.7,14,221,6,0,0,56.4,21.7,98.8
2026-08-09 15:00:00,29.9,100,7.3,27.4,15,221,6,0,0,21.0,18.9,76.2
2026-08-09 16:00:00,27.9,96,9.2,33.1,16,221,6,0,0,0.0,20.5,63.0
2026-08-09 17:00:00,28.4,96,3.0,20.9,17,221,6,0,0,0.0,3.9,62.8
2026-08-09 18:00:00,28.3,98,9.0,18.7,18,221,6,0,1,0.0,13.8,137.8
2026-08-09 19:00:00,27.9,98,6.4,18.0,19,221,6,0,1,0.0,6.8,148.4
2026-08-09 20:00:00,27.6,97,8.6,16.6,20,221,6,0,1,0.0,9.3,150.3
2026-08-09 21:00:00,27.5,98,8.6,17.3,21,221,6,0,1,0.0,13.2,142.8
2026-08-09 22:00:00,27.4,98,8.4,16.9,22,221,6,0,1,0.0,12.1,135.9
2026-08-09 23:00:00,27.6,91,9.2,16.2,23,221,6,0,1,0.0,12.4,138.0
2026-08-10 00:00:00,27.5,88,8.8,17.6,0,222,0,0,0,0.0,13.4,60.9
2026-08-10 01:00:00,27.5,54,9.8,19.1,1,222,0,0,0,0.0,15.9,52.5
2026-08-10 02:00:00,27.3,20,9.3,19.4,2,222,0,0,0,0.0,17.8,67.2
2026-08-10 03:00:00,27.1,48,9.0,18.0,3,222,0,0,0,0.0,7.9,50.5
2026-08-10 04:00:00,27.0,55,9.2,18.0,4,222,0,0,0,0.0,11.1,60.2
2026-08-10 05:00:00,27.3,99,12.6,19.1,5,222,0,0,0,0.0,15.2,57.4
2026-08-10 06:00:00,27.3,89,11.3,25.9,6,222,0,0,0,0.0,20.1,62.9
2026-08-10 07:00:00,27.8,94,9.5,23.0,7,222,0,0,0,0.0,13.2,62.3
2026-08-10 08:00:00,28.8,95,11.5,26.3,8,222,0,0,0,0.0,20.1,62.1
2026-08-10 09:00:00,29.4,90,9.8,26.3,9,222,0,1,0,27.3,17.7,175.6
2026-08-10 10:00:00,31.1,98,8.5,23.8,10,222,0,1,0,57.1,13.1,181.1
2026-08-10 11:00:00,31.7,94,9.7,25.9,11,222,0,1,0,89.5,16.4,176.3
2026-08-10 12:00:00,32.7,100,9.4,26.3,12,222,0,1,0,121.6,21.1,191.2
2026-08-10 13:00:00,32.8,100,9.0,25.6,13,222,0,1,0,88.0,16.3,185.1
2026-08-10 14:00:00,30.4,100,11.2,28.1,14,222,0,1,0,54.3,21.2,176.8
2026-08-10 15:00:00,30.5,100,8.3,27.0,15,222,0,1,0,21.8,18.2,175.3
2026-08-10 16:00:00,30.6,100,10.8,24.5,16,222,0,1,0,0.0,21.3,185.4
2026-08-10 17:00:00,30.1,100,10.4,24.1,17,222,0,1,0,0.0,14.1,171.0
2026-08-10 18:00:00,30.0,100,6.0,20.9,18,222,0,0,1,0.0,10.2,151.6
2026-08-10 19:00:00,29.4,99,6.0,12.2,19,222,0,0,1,0.0,4.6,150.5
2026-08-10 20:00:00,29.2,100,7.4,13.0,20,222,0,0,1,0.0,11.8,156.9
2026-08-10 21:00:00,28.9,100,10.7,21.2,21,222,0,0,1,0.0,15.4,156.5
2026-08-10 22:00:00,28.6,99,8.2,21.6,22,222,0,0,1,0.0,11.9,149.2
2026-08-10 23:00:00,28.7,100,10.2,16.6,23,222,0,0,1,0.0,12.5,153.5
2026-08-11 00:00:00,28.3,100,10.6,21.2,0,223,1,0,0,0.0,14.4,60.7
2026-08-11 01:00:00,27.8,100,11.3,23.0,1,223,1,0,0,0.0,19.6,67.5
2026-08-11 02:00:00,27.4,95,10.9,23.0,2,223,1,0,0,0.0,15.9,61.1
2026-08-11 03:00:00,27.2,99,11.0,22.3,3,223,1,0,0,0.0,20.6,60.5
2026-08-11 04:00:00,27.0,98,10.5,22.3,4,223,1,0,0,0.0,18.4,68.0
2026-08-11 05:00:00,27.7,100,10.0,21.2,5,223,1,0,0,0.0,17.0,65.0
2026-08-11 06:00:00,27.7,100,10.2,20.5,6,223,1,0,0,0.0,15.5,61.2
2026-08-11 07:00:00,28.0,100,9.7,22.0,7,223,1,0,0,0.0,19.1,63.2
2026-08-11 08:00:00,28.3,94,9.6,21.6,8,223,1,0,0,0.0,14.0,60.4
2026-08-11 09:00:00,29.5,96,10.6,27.4,9,223,1,1,0,24.4,17.1,172.4
2026-08-11 10:00:00,30.8,98,9.8,27.0,10,223,1,1,0,55.4,16.5,177.8
2026-08-11 11:00:00,31.4,95,10.1,25.6,11,223,1,1,0,92.2,19.3,181.1
2026-08-11 12:00:00,31.7,94,11.5,29.2,12,223,1,1,0,125.9,23.2,180.6
2026-08-11 13:00:00,32.4,75,10.9,28.8,13,223,1,1,0,108.2,20.7,191.5
2026-08-11 14:00:00,33.0,79,8.7,27.7,14,223,1,1,0,68.4,20.2,188.2
2026-08-11 15:00:00,33.1,73,9.8,24.8,15,223,1,1,0,41.8,15.0,189.8
2026-08-11 16:00:00,32.6,89,7.3,24.5,16,223,1,1,0,0.0,16.1,179.9
2026-08-11 17:00:00,29.6,100,1.4,17.3,17,223,1,1,0,0.0,0.0,176.6
2026-08-11 18:00:00,29.4,100,3.4,7.9,18,223,1,0,1,0.0,0.0,159.3
2026-08-11 19:00:00,28.6,99,7.8,15.1,19,223,1,0,1,0.0,6.6,149.1
2026-08-11 20:00:00,28.3,100,5.4,15.8,20,223,1,0,1,0.0,5.4,151.4
2026-08-11 21:00:00,27.4,100,8.9,18.0,21,223,1,0,1,0.0,13.9,141.8
2026-08-11 22:00:00,27.0,99,10.4,20.2,22,223,1,0,1,0.0,15.1,137.7
2026-08-11 23:00:00,27.6,100,7.8,20.9,23,223,1,0,1,0.0,13.3,139.4
2026-08-12 00:00:00,27.5,100,5.7,14.4,0,224,2,0,0,0.0,3.8,65.7
2026-08-12 01:00:00,27.4,96,7.5,13.7,1,224,2,0,0,0.0,8.4,62.0
2026-08-12 02:00:00,27.2,95,8.1,15.5,2,224,2,0,0,0.0,6.8,61.5
2026-08-12 03:00:00,26.8,100,7.9,14.8,3,224,2,0,0,0.0,11.9,60.3
2026-08-12 04:00:00,26.7,72,8.7,16.9,4,224,2,0,0,0.0,11.2,51.8
2026-08-12 05:00:00,26.5,75,2.6,18.0,5,224,2,0,0,0.0,1.3,56.6
2026-08-12 06:00:00,26.4,91,3.5,7.6,6,224,2,0,0,0.0,0.0,50.5
2026-08-12 07:00:00,26.6,86,4.6,10.4,7,224,2,0,0,0.0,2.0,60.7
2026-08-12 08:00:00,27.7,84,4.6,14.0,8,224,2,0,0,0.2,3.2,57.0
2026-08-12 09:00:00,28.9,61,5.4,20.5,9,224,2,1,0,49.4,10.6,168.1
2026-08-12 10:00:00,30.1,100,4.7,21.2,10,224,2,1,0,55.9,7.8,171.8
2026-08-12 11:00:00,28.4,99,6.0,20.9,11,224,2,1,0,88.1,9.6,157.4
2026-08-12 12:00:00,28.0,98,8.9,23.4,12,224,2,1,0,123.2,13.6,163.2
2026-08-12 13:00:00,26.8,97,11.1,27.7,13,224,2,1,0,85.3,18.0,162.0
2026-08-12 14:00:00,27.8,80,10.5,27.4,14,224,2,1,0,66.6,16.2,167.2
2026-08-12 15:00:00,28.5,86,10.3,25.9,15,224,2,1,0,30.7,18.5,168.4
2026-08-12 16:00:00,29.3,59,11.2,27.4,16,224,2,1,0,21.8,18.5,168.7
2026-08-12 17:00:00,28.1,56,3.9,27.4,17,224,2,1,0,0.0,13.1,166.8
2026-08-12 18:00:00,28.2,27,5.9,14.4,18,224,2,0,1,0.0,8.3,142.6
2026-08-12 19:00:00,27.9,10,3.4,14.0,19,224,2,0,1,0.0,4.0,137.1
2026-08-12 20:00:00,27.5,8,4.9,9.4,20,224,2,0,1,0.0,0.5,140.8
2026-08-12 21:00:00,27.5,47,5.6,14.0,21,224,2,0,1,0.0,6.5,142.9
2026-08-12 22:00:00,27.2,77,6.7,13.7,22,224,2,0,1,0.0,6.5,146.8
2026-08-12 23:00:00,26.9,99,7.0,14.4,23,224,2,0,1,0.0,6.5,130.8
2026-08-13 00:00:00,26.4,98,3.3,22.0,0,225,3,0,0,0.0,1.2,56.9
2026-08-13 01:00:00,25.9,100,3.5,7.9,1,225,3,0,0,0.0,0.0,58.9
2026-08-13 02:00:00,26.0,100,6.5,13.0,2,225,3,0,0,0.0,7.8,57.3
2026-08-13 03:00:00,25.9,100,5.5,13.0,3,225,3,0,0,0.0,4.4,58.9
2026-08-13 04:00:00,25.6,100,4.4,10.8,4,225,3,0,0,0.0,0.0,59.0
2026-08-13 05:00:00,25.8,47,9.6,15.8,5,225,3,0,0,0.0,13.7,50.3
2026-08-13 06:00:00,25.4,34,7.7,18.0,6,225,3,0,0,0.0,11.5,50.8
2026-08-13 07:00:00,25.6,82,6.8,14.4,7,225,3,0,0,0.0,5.5,53.6
2026-08-13 08:00:00,25.6,83,6.9,19.8,8,225,3,0,0,0.0,10.1,47.6
2026-08-13 09:00:00,27.4,85,10.3,25.9,9,225,3,1,0,35.9,15.0,158.4
2026-08-13 10:00:00,28.5,98,9.8,26.3,10,225,3,1,0,56.3,15.5,162.3
2026-08-13 11:00:00,29.4,94,7.3,25.2,11,225,3,1,0,90.1,14.7,164.7
2026-08-13 12:00:00,30.0,37,6.8,22.3,12,225,3,1,0,171.5,15.1,170.4
2026-08-13 13:00:00,31.1,83,6.2,21.6,13,225,3,1,0,103.0,9.3,177.4
2026-08-13 14:00:00,31.4,25,6.5,20.2,14,225,3,1,0,110.6,10.5,185.6
2026-08-13 15:00:00,31.6,13,7.6,21.2,15,225,3,1,0,87.8,11.1,186.7
2026-08-13 16:00:00,30.7,39,9.2,22.7,16,225,3,1,0,33.1,17.2,183.4
2026-08-13 17:00:00,31.1,31,10.3,25.6,17,225,3,1,0,9.5,18.9,179.8
2026-08-13 18:00:00,29.8,13,9.4,21.6,18,225,3,0,1,0.0,18.7,151.2
2026-08-13 19:00:00,28.7,9,9.5,19.1,19,225,3,0,1,0.0,13.8,149.0
2026-08-13 20:00:00,28.1,20,9.2,18.7,20,225,3,0,1,0.0,19.3,151.6
2026-08-13 21:00:00,27.8,72,8.1,18.0,21,225,3,0,1,0.0,11.5,141.0
2026-08-13 22:00:00,27.5,42,8.2,15.8,22,225,3,0,1,0.0,9.7,144.0
2026-08-13 23:00:00,27.6,66,8.7,16.2,23,225,3,0,1,0.0,11.0,136.2
2026-08-14 00:00:00,27.2,47,8.1,16.9,0,226,4,0,0,0.0,8.5,56.4
2026-08-14 01:00:00,26.9,20,7.8,15.8,1,226,4,0,0,0.0,11.0,59.7
2026-08-14 02:00:00,26.7,4,8.6,16.9,2,226,4,0,0,0.0,12.1,50.9
2026-08-14 03:00:00,26.6,9,8.6,17.3,3,226,4,0,0,0.0,12.5,54.0
2026-08-14 04:00:00,26.4,28,8.5,16.9,4,226,4,0,0,0.0,7.4,49.2
2026-08-14 05:00:00,26.4,33,8.6,16.9,5,226,4,0,0,0.0,8.5,56.8
2026-08-14 06:00:00,26.2,66,8.1,16.9,6,226,4,0,0,0.0,9.9,41.5
2026-08-14 07:00:00,26.9,35,8.2,17.6,7,226,4,0,0,3.2,10.8,55.3
2026-08-14 08:00:00,28.0,24,11.1,27.7,8,226,4,0,0,50.0,22.6,55.8
2026-08-14 09:00:00,29.0,51,9.4,26.3,9,226,4,1,0,59.9,18.3,163.7
2026-08-14 10:00:00,30.0,41,8.8,23.4,10,226,4,1,0,98.5,17.0,178.5
2026-08-14 11:00:00,30.8,51,12.6,27.0,11,226,4,1,0,125.8,24.4,185.6
2026-08-14 12:00:00,31.6,53,12.5,31.3,12,226,4,1,0,158.3,23.5,180.7
2026-08-14 13:00:00,32.0,94,12.9,31.3,13,226,4,1,0,87.6,23.0,183.5
2026-08-14 14:00:00,32.4,96,13.8,33.1,14,226,4,1,0,56.1,25.6,187.1
2026-08-14 15:00:00,32.4,97,13.6,32.8,15,226,4,1,0,21.2,25.5,186.9
2026-08-14 16:00:00,32.1,84,14.1,32.4,16,226,4,1,0,0.3,26.9,185.4
2026-08-14 17:00:00,31.6,66,12.2,32.0,17,226,4,1,0,0.0,24.6,173.8
2026-08-14 18:00:00,30.7,94,9.8,25.2,18,226,4,0,1,0.0,20.8,161.5
2026-08-14 19:00:00,29.7,99,7.9,19.8,19,226,4,0,1,0.0,11.3,146.1
2026-08-14 20:00:00,29.1,95,8.9,17.6,20,226,4,0,1,0.0,12.2,146.7
2026-08-14 21:00:00,28.5,93,8.1,17.6,21,226,4,0,1,0.0,12.7,157.4
2026-08-14 22:00:00,28.0,85,10.0,19.4,22,226,4,0,1,0.0,17.5,150.3
2026-08-14 23:00:00,28.1,97,11.3,21.2,23,226,4,0,1,0.0,16.6,146.1
2026-08-15 00:00:00,27.7,77,10.3,22.3,0,227,5,0,0,0.0,17.7,58.8
2026-08-15 01:00:00,27.4,93,10.3,20.5,1,227,5,0,0,0.0,15.4,57.6
2026-08-15 02:00:00,27.1,60,10.7,21.6,2,227,5,0,0,0.0,16.1,57.8
2026-08-15 03:00:00,26.8,42,9.8,21.6,3,227,5,0,0,0.0,16.3,56.0
2026-08-15 04:00:00,26.7,28,9.6,19.8,4,227,5,0,0,0.0,13.5,52.3
2026-08-15 05:00:00,26.8,34,10.6,20.9,5,227,5,0,0,0.0,15.2,60.5
2026-08-15 06:00:00,26.6,27,10.8,22.3,6,227,5,0,0,0.0,13.8,47.9
2026-08-15 07:00:00,27.0,47,10.5,22.3,7,227,5,0,0,0.0,11.7,52.8
2026-08-15 08:00:00,27.8,68,10.9,25.6,8,227,5,0,0,12.9,21.0,56.7
2026-08-15 09:00:00,28.8,84,11.2,27.4,9,227,5,0,0,32.3,19.9,66.0
2026-08-15 10:00:00,29.9,91,10.7,27.7,10,227,5,0,0,64.8,20.7,68.6
2026-08-15 11:00:00,30.1,100,10.5,27.0,11,227,5,0,0,88.6,16.0,80.8
2026-08-15 12:00:00,30.8,100,9.7,25.2,12,227,5,0,0,123.4,19.0,74.1
2026-08-15 13:00:00,31.4,44,9.3,24.5,13,227,5,0,0,133.8,17.9,81.2
2026-08-15 14:00:00,32.0,66,9.2,24.5,14,227,5,0,0,83.2,15.0,77.0
2026-08-15 15:00:00,32.1,30,11.5,29.2,15,227,5,0,0,76.4,22.0,80.6
2026-08-15 16:00:00,31.8,32,10.8,30.6,16,227,5,0,0,42.9,21.6,83.9
2026-08-15 17:00:00,31.6,63,9.3,25.2,17,227,5,0,0,0.0,17.7,80.1
2026-08-15 18:00:00,30.7,87,7.7,19.1,18,227,5,0,1,0.0,14.1,157.8
2026-08-15 19:00:00,29.5,72,13.1,24.8,19,227,5,0,1,0.0,16.0,154.6
2026-08-15 20:00:00,28.4,99,12.1,30.2,20,227,5,0,1,0.0,22.6,147.4
2026-08-15 21:00:00,28.1,98,10.0,24.1,21,227,5,0,1,0.0,16.7,144.7
2026-08-15 22:00:00,27.7,98,9.0,20.2,22,227,5,0,1,0.0,14.6,144.1
2026-08-15 23:00:00,27.8,77,10.6,18.0,23,227,5,0,1,0.0,14.1,132.0
2026-08-16 00:00:00,27.4,80,9.5,20.9,0,228,6,0,0,0.0,16.4,68.9
2026-08-16 01:00:00,27.0,94,7.4,18.7,1,228,6,0,0,0.0,9.1,60.2
2026-08-16 02:00:00,26.7,84,8.0,15.5,2,228,6,0,0,0.0,11.4,57.0
2026-08-16 03:00:00,26.5,95,8.7,16.9,3,228,6,0,0,0.0,11.8,53.0
2026-08-16 04:00:00,26.3,84,9.8,19.1,4,228,6,0,0,0.0,18.0,55.2
2026-08-16 05:00:00,26.6,3,12.3,20.9,5,228,6,0,0,0.0,18.8,51.4
2026-08-16 06:00:00,26.3,42,11.1,24.5,6,228,6,0,0,0.0,20.3,60.4
2026-08-16 07:00:00,26.9,72,10.4,22.7,7,228,6,0,0,0.0,17.2,73.8
2026-08-16 08:00:00,27.9,91,12.9,29.2,8,228,6,0,0,0.0,18.9,70.1
2026-08-16 09:00:00,28.9,48,13.3,32.0,9,228,6,0,0,58.3,22.1,61.5
2026-08-16 10:00:00,29.9,72,12.7,31.7,10,228,6,0,0,74.6,25.2,81.3
2026-08-16 11:00:00,30.7,79,14.0,31.0,11,228,6,0,0,107.5,29.7,69.9
2026-08-16 12:00:00,31.3,51,13.2,33.1,12,228,6,0,0,157.4,24.8,85.5
2026-08-16 13:00:00,32.0,55,13.0,32.4,13,228,6,0,0,125.6,27.9,84.1
2026-08-16 14:00:00,32.4,50,13.4,34.6,14,228,6,0,0,92.1,27.8,79.6
2026-08-16 15:00:00,32.4,52,14.0,35.3,15,228,6,0,0,57.9,28.1,91.9
2026-08-16 16:00:00,32.0,27,13.8,35.3,16,228,6,0,0,42.7,29.4,85.6
2026-08-16 17:00:00,31.7,35,16.2,36.0,17,228,6,0,0,4.2,29.6,86.2
2026-08-16 18:00:00,30.3,5,13.0,34.6,18,228,6,0,1,0.0,26.5,154.3
2026-08-16 19:00:00,29.5,5,11.6,26.3,19,228,6,0,1,0.0,22.7,155.9
2026-08-16 20:00:00,29.0,47,11.1,23.0,20,228,6,0,1,0.0,15.8,154.1
2026-08-16 21:00:00,28.7,20,12.7,25.6,21,228,6,0,1,0.0,19.7,148.1
2026-08-16 22:00:00,28.1,47,12.7,25.9,22,228,6,0,1,0.0,19.6,153.1
2026-08-16 23:00:00,27.8,72,13.2,25.9,23,228,6,0,1,0.0,18.7,145.5
2026-08-17 00:00:00,27.3,98,11.9,26.6,0,229,0,0,0,0.0,22.5,55.1
2026-08-17 01:00:00,26.9,97,10.6,23.8,1,229,0,0,0,0.0,16.9,62.7
2026-08-17 02:00:00,26.7,98,11.0,22.3,2,229,0,0,0,0.0,16.6,56.3
2026-08-17 03:00:00,26.7,63,12.1,24.5,3,229,0,0,0,0.0,23.0,57.6
2026-08-17 04:00:00,26.3,52,12.3,25.2,4,229,0,0,0,0.0,23.2,58.0
2026-08-17 05:00:00,26.4,80,12.1,25.6,5,229,0,0,0,0.0,20.7,63.2
2026-08-17 06:00:00,26.2,94,11.4,24.5,6,229,0,0,0,0.0,18.5,44.7
2026-08-17 07:00:00,26.7,86,12.9,26.6,7,229,0,0,0,0.0,22.5,70.9
2026-08-17 08:00:00,27.4,30,13.0,32.0,8,229,0,0,0,41.4,27.3,62.4
2026-08-17 09:00:00,28.4,41,13.5,32.0,9,229,0,1,0,66.8,28.5,159.7
2026-08-17 10:00:00,29.5,95,14.5,34.6,10,229,0,1,0,56.7,27.7,177.1
2026-08-17 11:00:00,30.3,98,15.8,36.0,11,229,0,1,0,87.0,32.6,174.3
2026-08-17 12:00:00,30.9,100,15.7,37.4,12,229,0,1,0,119.6,34.5,183.5
2026-08-17 13:00:00,31.1,100,14.7,37.1,13,229,0,1,0,87.7,33.0,191.2
2026-08-17 14:00:00,31.5,100,14.0,34.6,14,229,0,1,0,51.3,28.7,184.5
2026-08-17 15:00:00,31.5,100,13.7,32.0,15,229,0,1,0,17.8,29.2,179.9
2026-08-17 16:00:00,31.2,100,14.2,31.3,16,229,0,1,0,0.0,27.2,182.4
2026-08-17 17:00:00,31.1,99,13.2,31.3,17,229,0,1,0,0.0,27.1,179.9
2026-08-17 18:00:00,30.4,98,10.4,27.0,18,229,0,0,1,0.0,22.4,143.8
2026-08-17 19:00:00,29.6,97,9.7,21.2,19,229,0,0,1,0.0,15.4,148.9
2026-08-17 20:00:00,28.9,98,10.2,19.8,20,229,0,0,1,0.0,15.4,154.5
2026-08-17 21:00:00,28.3,98,11.3,23.8,21,229,0,0,1,0.0,20.2,145.7
2026-08-17 22:00:00,27.8,95,9.9,22.3,22,229,0,0,1,0.0,12.4,138.1
2026-08-17 23:00:00,28.1,87,11.6,20.2,23,229,0,0,1,0.0,14.3,146.0
2026-08-18 00:00:00,27.7,48,11.2,22.7,0,230,1,0,0,0.0,19.0,74.1
2026-08-18 01:00:00,27.4,6,12.4,24.1,1,230,1,0,0,0.0,18.2,69.0
2026-08-18 02:00:00,27.2,9,14.3,28.4,2,230,1,0,0,0.0,25.8,67.4
2026-08-18 03:00:00,26.9,13,15.6,31.7,3,230,1,0,0,0.0,30.9,62.9
2026-08-18 04:00:00,26.4,1,14.1,31.7,4,230,1,0,0,0.0,29.6,56.7
2026-08-18 05:00:00,26.2,54,14.0,28.8,5,230,1,0,0,0.0,27.7,53.6
2026-08-18 06:00:00,25.7,67,13.5,28.4,6,230,1,0,0,0.0,24.6,59.5
2026-08-18 07:00:00,26.1,95,12.5,27.7,7,230,1,0,0,0.0,27.3,53.3
2026-08-18 08:00:00,26.9,100,15.3,36.0,8,230,1,0,0,0.0,32.1,50.6
2026-08-18 09:00:00,28.0,100,14.9,34.9,9,230,1,1,0,21.8,28.3,161.0
2026-08-18 10:00:00,29.1,99,15.5,36.7,10,230,1,1,0,55.8,36.0,178.3
2026-08-18 11:00:00,29.8,96,17.3,38.2,11,230,1,1,0,89.7,34.2,177.6
2026-08-18 12:00:00,31.0,86,17.5,41.8,12,230,1,1,0,133.5,36.4,181.6
2026-08-18 13:00:00,31.7,53,16.5,41.8,13,230,1,1,0,123.0,34.0,183.7
2026-08-18 14:00:00,32.0,73,15.9,40.7,14,230,1,1,0,74.5,37.4,184.0
2026-08-18 15:00:00,32.2,47,15.7,40.3,15,230,1,1,0,62.3,31.7,180.8
2026-08-18 16:00:00,32.1,21,14.2,36.7,16,230,1,1,0,50.4,31.9,182.4
2026-08-18 17:00:00,31.5,89,14.1,32.0,17,230,1,1,0,0.0,26.7,180.5
2026-08-18 18:00:00,30.6,75,8.5,29.5,18,230,1,0,1,0.0,17.7,159.5
2026-08-18 19:00:00,29.4,96,15.9,32.4,19,230,1,0,1,0.0,34.7,159.1
2026-08-18 20:00:00,28.6,88,12.0,32.8,20,230,1,0,1,0.0,23.9,144.0
2026-08-18 21:00:00,28.2,80,11.0,23.8,21,230,1,0,1,0.0,19.2,135.8
2026-08-18 22:00:00,28.0,48,10.3,21.6,22,230,1,0,1,0.0,20.1,139.7
2026-08-18 23:00:00,28.2,69,10.6,20.2,23,230,1,0,1,0.0,18.5,151.2
2026-08-19 00:00:00,27.9,91,12.1,23.0,0,231,2,0,0,0.0,21.6,65.2
2026-08-19 01:00:00,27.7,99,14.2,28.4,1,231,2,0,0,0.0,23.1,51.6
2026-08-19 02:00:00,27.5,99,15.4,31.3,2,231,2,0,0,0.0,29.9,61.2
2026-08-19 03:00:00,27.0,95,14.9,31.7,3,231,2,0,0,0.0,28.7,67.0
2026-08-19 04:00:00,26.3,98,14.1,30.6,4,231,2,0,0,0.0,25.7,65.1
2026-08-19 05:00:00,26.2,85,11.8,28.8,5,231,2,0,0,0.0,23.2,52.6
2026-08-19 06:00:00,25.7,51,10.3,23.4,6,231,2,0,0,0.0,18.2,51.4
2026-08-19 07:00:00,26.2,60,10.7,23.0,7,231,2,0,0,0.0,19.0,58.3
2026-08-19 08:00:00,27.3,61,13.6,31.7,8,231,2,0,0,21.2,24.5,65.2
2026-08-19 09:00:00,28.3,56,13.3,32.4,9,231,2,1,0,53.3,21.9,174.8
2026-08-19 10:00:00,29.5,67,12.9,32.8,10,231,2,1,0,79.7,27.6,171.9
2026-08-19 11:00:00,30.4,85,13.0,32.4,11,231,2,1,0,95.3,26.9,178.3
2026-08-19 12:00:00,31.2,100,13.0,32.4,12,231,2,1,0,120.4,28.4,185.8
2026-08-19 13:00:00,31.9,75,13.0,33.1,13,231,2,1,0,108.6,25.7,188.0
2026-08-19 14:00:00,32.6,95,13.2,33.1,14,231,2,1,0,55.0,28.4,204.0
2026-08-19 15:00:00,32.3,84,13.7,33.5,15,231,2,1,0,34.6,27.6,183.5
2026-08-19 16:00:00,32.7,30,11.2,32.8,16,231,2,1,0,44.0,22.6,182.1
2026-08-19 17:00:00,32.5,87,13.7,29.2,17,231,2,1,0,0.0,28.5,183.1
2026-08-19 18:00:00,31.3,32,10.4,30.2,18,231,2,0,1,0.0,20.9,160.3
2026-08-19 19:00:00,30.1,15,9.1,21.2,19,231,2,0,1,0.0,15.1,158.7
2026-08-19 20:00:00,29.5,5,9.9,19.4,20,231,2,0,1,0.0,14.5,153.1
2026-08-19 21:00:00,29.0,28,11.8,22.7,21,231,2,0,1,0.0,20.1,154.2
2026-08-19 22:00:00,28.6,8,11.1,26.6,22,231,2,0,1,0.0,24.3,154.8
2026-08-19 23:00:00,28.6,95,8.8,22.0,23,231,2,0,1,0.0,15.3,150.3
2026-08-20 00:00:00,28.3,100,7.4,16.2,0,232,3,0,0,0.0,9.1,62.2
2026-08-20 01:00:00,28.3,85,8.9,17.6,1,232,3,0,0,0.0,13.9,69.6
2026-08-20 02:00:00,28.1,85,10.9,22.0,2,232,3,0,0,0.0,15.0,58.2
2026-08-20 03:00:00,27.6,73,12.9,26.6,3,232,3,0,0,0.0,22.3,68.3
2026-08-20 04:00:00,26.9,84,13.9,29.5,4,232,3,0,0,0.0,24.7,61.8
2026-08-20 05:00:00,26.5,24,13.7,29.2,5,232,3,0,0,0.0,25.0,53.7
2026-08-20 06:00:00,26.0,1,11.4,27.7,6,232,3,0,0,0.0,21.8,57.0
2026-08-20 07:00:00,26.5,1,11.1,24.5,7,232,3,0,0,34.4,20.0,58.3
2026-08-20 08:00:00,27.4,46,12.4,29.9,8,232,3,0,0,29.7,27.2,61.3
2026-08-20 09:00:00,28.7,40,11.8,30.6,9,232,3,1,0,67.5,23.2,166.1
2026-08-20 10:00:00,29.8,40,12.2,32.0,10,232,3,1,0,101.9,26.9,170.7
2026-08-20 11:00:00,30.9,32,12.5,32.0,11,232,3,1,0,140.6,25.0,171.9
2026-08-20 12:00:00,31.9,45,12.5,33.1,12,232,3,1,0,164.5,22.9,178.8
2026-08-20 13:00:00,32.2,88,12.5,33.5,13,232,3,1,0,97.2,27.2,185.9
2026-08-20 14:00:00,32.1,100,10.9,33.1,14,232,3,1,0,52.6,19.9,184.3
2026-08-20 15:00:00,31.9,100,11.1,28.8,15,232,3,1,0,19.6,24.5,188.2
2026-08-20 16:00:00,31.8,82,10.9,28.4,16,232,3,1,0,0.1,22.7,185.4
2026-08-20 17:00:00,31.9,41,8.3,26.6,17,232,3,1,0,1.3,9.6,177.3
2026-08-20 18:00:00,31.5,100,8.3,19.4,18,232,3,0,1,0.0,10.2,163.6
2026-08-20 19:00:00,30.2,99,14.0,30.6,19,232,3,0,1,0.0,26.2,159.0
2026-08-20 20:00:00,29.2,100,10.1,31.0,20,232,3,0,1,0.0,23.3,157.0
2026-08-20 21:00:00,28.8,35,10.8,22.0,21,232,3,0,1,0.0,17.6,156.4
2026-08-20 22:00:00,28.2,35,9.6,21.2,22,232,3,0,1,0.0,13.9,141.6
2026-08-20 23:00:00,28.5,38,11.1,19.1,23,232,3,0,1,0.0,16.1,157.6
2026-08-21 00:00:00,28.2,35,9.9,22.0,0,233,4,0,0,0.0,13.4,66.1
2026-08-21 01:00:00,27.9,14,8.6,19.4,1,233,4,0,0,0.0,10.9,62.3
2026-08-21 02:00:00,27.5,9,8.3,16.6,2,233,4,0,0,0.0,12.2,64.8
2026-08-21 03:00:00,27.2,25,8.7,16.6,3,233,4,0,0,0.0,9.2,67.1
2026-08-21 04:00:00,26.9,77,10.6,20.9,4,233,4,0,0,0.0,16.7,60.3
2026-08-21 05:00:00,27.2,27,11.5,22.7,5,233,4,0,0,0.0,17.3,57.2
2026-08-21 06:00:00,26.7,7,11.1,23.4,6,233,4,0,0,0.0,20.3,56.9
2026-08-21 07:00:00,27.1,3,10.6,23.8,7,233,4,0,0,30.9,19.8,65.8
2026-08-21 08:00:00,28.1,2,11.8,28.8,8,233,4,0,0,63.6,23.1,76.6
2026-08-21 09:00:00,29.5,5,10.3,29.2,9,233,4,1,0,94.1,19.0,174.5
2026-08-21 10:00:00,31.1,34,10.8,29.9,10,233,4,1,0,106.5,19.9,175.5
2026-08-21 11:00:00,31.9,52,12.0,30.2,11,233,4,1,0,127.6,24.0,184.5
2026-08-21 12:00:00,32.5,94,11.7,32.0,12,233,4,1,0,127.5,25.6,187.1
2026-08-21 13:00:00,32.1,93,11.6,32.0,13,233,4,1,0,91.2,26.8,188.7
2026-08-21 14:00:00,32.5,81,12.8,33.1,14,233,4,1,0,67.7,27.2,179.2
2026-08-21 15:00:00,32.4,100,13.3,33.1,15,233,4,1,0,17.3,28.1,189.2
2026-08-21 16:00:00,31.3,99,13.9,33.8,16,233,4,1,0,0.0,26.9,186.0
2026-08-21 17:00:00,31.5,96,13.6,33.5,17,233,4,1,0,0.0,29.2,187.8
2026-08-21 18:00:00,30.7,100,13.1,32.4,18,233,4,0,1,0.0,28.0,159.7
2026-08-21 19:00:00,29.7,2,11.7,29.9,19,233,4,0,1,1.5,24.1,153.3
2026-08-21 20:00:00,29.2,2,10.6,23.8,20,233,4,0,1,0.0,17.9,145.2
2026-08-21 21:00:00,28.7,1,10.4,21.6,21,233,4,0,1,0.0,17.0,144.8
2026-08-21 22:00:00,28.1,0,9.7,20.9,22,233,4,0,1,0.0,17.7,147.4
2026-08-21 23:00:00,28.1,0,10.5,19.4,23,233,4,0,1,4.0,14.9,141.2
2026-08-22 00:00:00,27.5,0,10.6,21.6,0,234,5,0,0,0.0,16.4,51.3
2026-08-22 01:00:00,27.1,2,10.2,20.9,1,234,5,0,0,0.0,16.2,67.4
2026-08-22 02:00:00,26.9,14,11.3,22.7,2,234,5,0,0,0.0,18.5,58.5
2026-08-22 03:00:00,26.7,44,11.7,23.4,3,234,5,0,0,0.0,19.0,65.0
2026-08-22 04:00:00,26.5,41,12.3,25.2,4,234,5,0,0,0.0,22.0,61.7
2026-08-22 05:00:00,26.6,13,13.5,28.1,5,234,5,0,0,0.0,24.3,61.9
2026-08-22 06:00:00,26.3,9,11.9,28.1,6,234,5,0,0,0.0,25.4,48.6
2026-08-22 07:00:00,26.8,10,11.2,24.8,7,234,5,0,0,27.4,16.8,64.9
2026-08-22 08:00:00,27.8,24,12.4,30.2,8,234,5,0,0,48.0,25.0,59.6
2026-08-22 09:00:00,29.1,29,14.3,35.6,9,234,5,0,0,77.6,27.1,71.2
2026-08-22 10:00:00,30.2,100,14.4,37.1,10,234,5,0,0,54.9,28.9,74.7
2026-08-22 11:00:00,31.4,79,15.5,36.7,11,234,5,0,0,102.8,32.5,90.0
2026-08-22 12:00:00,32.0,72,15.5,39.2,12,234,5,0,0,139.4,31.4,84.2
2026-08-22 13:00:00,32.7,97,15.1,39.6,13,234,5,0,0,90.6,31.7,84.9
2026-08-22 14:00:00,32.1,96,14.6,38.9,14,234,5,0,0,57.8,33.8,94.9
2026-08-22 15:00:00,32.5,90,14.7,37.4,15,234,5,0,0,25.8,32.2,89.0
2026-08-22 16:00:00,32.5,48,14.5,36.7,16,234,5,0,0,25.4,27.6,87.0
2026-08-22 17:00:00,32.1,67,14.6,35.6,17,234,5,0,0,0.0,25.0,86.9
2026-08-22 18:00:00,30.8,10,15.2,36.0,18,234,5,0,1,0.0,33.4,162.5
2026-08-22 19:00:00,29.9,12,13.8,34.6,19,234,5,0,1,0.0,27.6,151.9
2026-08-22 20:00:00,29.2,3,11.2,30.2,20,234,5,0,1,0.0,21.8,154.4
2026-08-22 21:00:00,28.6,5,11.1,23.0,21,234,5,0,1,0.0,17.8,153.1
2026-08-22 22:00:00,28.1,2,9.8,22.3,22,234,5,0,1,0.0,17.3,146.3
2026-08-22 23:00:00,28.5,52,10.2,19.4,23,234,5,0,1,0.0,12.8,146.1
2026-08-23 00:00:00,28.1,62,10.2,22.3,0,235,6,0,0,0.0,13.1,71.0
2026-08-23 01:00:00,27.6,10,9.1,20.5,1,235,6,0,0,0.0,16.3,55.9
2026-08-23 02:00:00,27.1,4,7.7,17.3,2,235,6,0,0,2.3,10.8,52.7
2026-08-23 03:00:00,26.7,50,7.5,14.8,3,235,6,0,0,0.0,6.4,62.0
2026-08-23 04:00:00,26.4,99,8.0,15.1,4,235,6,0,0,0.0,8.6,63.1
2026-08-23 05:00:00,26.8,100,8.5,18.7,5,235,6,0,0,0.0,13.4,63.6
2026-08-23 06:00:00,26.8,59,9.5,19.4,6,235,6,0,0,0.0,11.6,52.5
2026-08-23 07:00:00,27.5,12,8.4,22.0,7,235,6,0,0,24.6,15.5,68.5
2026-08-23 08:00:00,28.4,40,12.4,29.9,8,235,6,0,0,35.4,24.8,70.5
2026-08-23 09:00:00,29.2,96,13.2,33.5,9,235,6,0,0,25.4,26.1,70.3
2026-08-23 10:00:00,30.0,82,13.4,34.6,10,235,6,0,0,67.4,26.1,73.3
2026-08-23 11:00:00,30.6,62,11.8,34.6,11,235,6,0,0,116.0,23.0,87.5
2026-08-23 12:00:00,31.9,98,10.1,31.0,12,235,6,0,0,118.6,23.8,89.5
2026-08-23 13:00:00,32.0,100,10.2,28.4,13,235,6,0,0,81.6,20.7,74.5
2026-08-23 14:00:00,31.8,72,12.1,30.6,14,235,6,0,0,75.0,29.9,81.6
2026-08-23 15:00:00,31.8,52,11.8,31.7,15,235,6,0,0,57.6,23.8,80.7
2026-08-23 16:00:00,32.0,52,12.3,31.3,16,235,6,0,0,25.3,23.4,80.8
2026-08-23 17:00:00,31.8,2,12.9,32.0,17,235,6,0,0,35.1,24.5,80.2
2026-08-23 18:00:00,30.7,9,12.8,32.0,18,235,6,0,1,0.0,26.4,154.9
2026-08-23 19:00:00,29.7,5,10.7,29.9,19,235,6,0,1,0.0,23.5,158.4
2026-08-23 20:00:00,29.0,2,8.9,22.7,20,235,6,0,1,0.1,14.3,152.8
2026-08-23 21:00:00,28.5,1,7.3,17.6,21,235,6,0,1,0.0,9.7,150.8
2026-08-23 22:00:00,28.0,0,7.3,14.8,22,235,6,0,1,3.2,6.0,139.4
2026-08-23 23:00:00,28.1,7,6.8,14.0,23,235,6,0,1,0.0,6.3,142.3
2026-08-24 00:00:00,27.6,0,7.2,14.8,0,236,0,0,0,0.0,5.0,55.5
2026-08-24 01:00:00,27.1,6,7.1,14.0,1,236,0,0,0,0.0,7.5,57.2
2026-08-24 02:00:00,26.7,2,7.1,13.0,2,236,0,0,0,0.0,7.7,56.8
2026-08-24 03:00:00,26.4,2,7.2,13.0,3,236,0,0,0,0.0,5.5,58.1
2026-08-24 04:00:00,26.1,2,6.4,13.0,4,236,0,0,0,1.8,5.4,57.9
2026-08-24 05:00:00,26.4,5,5.6,11.2,5,236,0,0,0,0.0,3.7,49.6
2026-08-24 06:00:00,26.1,8,3.9,10.8,6,236,0,0,0,0.0,0.6,58.2
2026-08-24 07:00:00,27.0,20,3.9,11.9,7,236,0,0,0,19.8,2.9,53.9
2026-08-24 08:00:00,28.4,4,6.5,19.4,8,236,0,0,0,61.8,10.6,60.2
2026-08-24 09:00:00,29.9,56,5.7,22.0,9,236,0,1,0,55.8,13.3,172.1
2026-08-24 10:00:00,31.2,85,3.9,19.8,10,236,0,1,0,67.7,6.2,184.2
2026-08-24 11:00:00,31.9,68,4.1,20.2,11,236,0,1,0,107.5,3.3,188.6
2026-08-24 12:00:00,33.8,91,3.8,19.1,12,236,0,1,0,132.1,7.7,193.3
2026-08-24 13:00:00,34.3,96,5.2,20.9,13,236,0,1,0,90.8,8.0,191.1
2026-08-24 14:00:00,34.4,98,7.9,24.5,14,236,0,1,0,53.3,14.1,194.5
2026-08-24 15:00:00,34.4,100,10.0,29.2,15,236,0,1,0,23.7,17.3,199.3
2026-08-24 16:00:00,34.0,60,10.8,29.5,16,236,0,1,0,20.1,19.9,193.3
2026-08-24 17:00:00,34.3,99,8.9,29.2,17,236,0,1,0,0.0,17.7,190.5
2026-08-24 18:00:00,33.0,6,11.6,27.7,18,236,0,0,1,0.0,23.4,174.8
2026-08-24 19:00:00,31.9,5,9.6,27.7,19,236,0,0,1,0.0,18.2,166.5
2026-08-24 20:00:00,31.5,5,8.4,20.5,20,236,0,0,1,0.0,10.1,158.4
2026-08-24 21:00:00,30.7,0,10.6,21.2,21,236,0,0,1,0.8,21.6,169.7
2026-08-24 22:00:00,29.9,3,10.0,21.6,22,236,0,0,1,0.0,13.8,153.9
2026-08-24 23:00:00,29.7,5,10.6,22.0,23,236,0,0,1,0.0,18.8,156.5
2026-08-25 00:00:00,28.9,6,10.1,22.3,0,237,1,0,0,0.0,18.7,72.4
2026-08-25 01:00:00,28.4,1,9.7,20.5,1,237,1,0,0,0.0,13.5,66.7
2026-08-25 02:00:00,28.0,0,9.7,19.4,2,237,1,0,0,0.0,16.7,67.9
2026-08-25 03:00:00,27.5,30,9.3,19.4,3,237,1,0,0,0.0,10.6,65.8
2026-08-25 04:00:00,27.2,70,9.2,18.7,4,237,1,0,0,0.0,12.7,54.5
2026-08-25 05:00:00,27.5,36,9.0,17.3,5,237,1,0,0,0.0,11.6,57.5
2026-08-25 06:00:00,27.1,3,7.8,18.7,6,237,1,0,0,0.0,8.3,56.7
2026-08-25 07:00:00,27.8,2,5.9,14.8,7,237,1,0,0,35.9,7.3,67.3
2026-08-25 08:00:00,29.2,0,7.7,20.9,8,237,1,0,0,63.6,13.1,70.4
2026-08-25 09:00:00,30.6,0,9.0,25.6,9,237,1,1,0,98.7,20.3,175.8
2026-08-25 10:00:00,31.9,2,9.0,27.4,10,237,1,1,0,133.0,20.4,188.2
2026-08-25 11:00:00,33.4,25,8.3,27.4,11,237,1,1,0,146.1,16.8,194.8
2026-08-25 12:00:00,33.9,26,7.3,24.8,12,237,1,1,0,180.4,11.4,192.9
2026-08-25 13:00:00,34.5,22,7.0,25.2,13,237,1,1,0,149.9,16.9,201.9
2026-08-25 14:00:00,34.8,15,7.5,24.5,14,237,1,1,0,124.0,15.2,204.1
2026-08-25 15:00:00,34.8,22,7.2,24.1,15,237,1,1,0,80.0,14.4,201.0
2026-08-25 16:00:00,34.4,8,8.5,24.5,16,237,1,1,0,61.4,12.1,200.7
2026-08-25 17:00:00,34.8,19,10.4,25.6,17,237,1,1,0,16.1,20.1,199.0
2026-08-25 18:00:00,33.8,27,10.1,26.3,18,237,1,0,1,0.0,16.8,173.9
2026-08-25 19:00:00,32.6,40,11.8,25.6,19,237,1,0,1,0.0,20.1,163.0
2026-08-25 20:00:00,31.9,31,10.6,25.6,20,237,1,0,1,0.0,20.7,156.4
2026-08-25 21:00:00,31.4,66,11.5,21.6,21,237,1,0,1,0.0,13.4,157.9
2026-08-25 22:00:00,30.7,98,13.3,26.3,22,237,1,0,1,0.0,20.7,162.0
2026-08-25 23:00:00,30.3,100,15.6,28.8,23,237,1,0,1,0.0,27.1,154.4
2026-08-26 00:00:00,29.6,91,14.8,32.8,0,238,2,0,0,0.0,31.8,79.2
2026-08-26 01:00:00,29.2,55,13.2,29.9,1,238,2,0,0,0.0,25.8,79.5
2026-08-26 02:00:00,28.8,22,12.0,26.6,2,238,2,0,0,0.0,20.6,74.1
2026-08-26 03:00:00,28.4,23,11.1,23.8,3,238,2,0,0,0.0,14.2,62.9
2026-08-26 04:00:00,28.2,83,11.2,22.3,4,238,2,0,0,0.0,14.9,71.7
2026-08-26 05:00:00,28.0,77,9.7,22.0,5,238,2,0,0,0.0,16.4,71.3
2026-08-26 06:00:00,27.6,13,10.6,20.9,6,238,2,0,0,0.0,16.5,73.0
2026-08-26 07:00:00,27.9,18,12.7,28.8,7,238,2,0,0,18.2,23.5,67.5
2026-08-26 08:00:00,28.7,79,13.5,32.8,8,238,2,0,0,1.9,25.8,61.8
2026-08-26 09:00:00,30.1,23,13.5,34.2,9,238,2,1,0,83.3,26.8,166.5
2026-08-26 10:00:00,31.5,92,13.4,35.6,10,238,2,1,0,55.3,26.3,177.8
2026-08-26 11:00:00,33.0,94,13.7,35.3,11,238,2,1,0,88.7,28.9,191.0
2026-08-26 12:00:00,33.6,79,13.3,36.0,12,238,2,1,0,139.5,25.5,193.7
2026-08-26 13:00:00,34.0,66,14.1,37.4,13,238,2,1,0,113.2,30.1,199.1
2026-08-26 14:00:00,34.4,99,14.0,37.8,14,238,2,1,0,55.7,30.8,199.9
2026-08-26 15:00:00,34.5,95,14.1,37.1,15,238,2,1,0,24.8,27.2,196.3
2026-08-26 16:00:00,34.3,67,13.7,36.7,16,238,2,1,0,12.4,30.2,208.0
2026-08-26 17:00:00,34.8,95,13.1,34.9,17,238,2,1,0,0.0,28.1,197.3
2026-08-26 18:00:00,33.8,87,12.5,31.7,18,238,2,0,1,0.0,23.9,174.6
2026-08-26 19:00:00,32.8,91,9.7,29.5,19,238,2,0,1,0.0,19.2,163.0
2026-08-26 20:00:00,32.0,89,9.3,20.5,20,238,2,0,1,0.0,17.2,163.4
2026-08-26 21:00:00,31.2,100,12.1,24.8,21,238,2,0,1,0.0,22.3,157.6
2026-08-26 22:00:00,30.3,97,13.0,27.4,22,238,2,0,1,0.0,23.9,148.7
2026-08-26 23:00:00,30.4,99,13.5,27.0,23,238,2,0,1,0.0,24.5,159.0
2026-08-27 00:00:00,29.7,98,14.6,28.8,0,239,3,0,0,0.0,26.0,74.4
2026-08-27 01:00:00,29.3,98,14.3,29.5,1,239,3,0,0,0.0,26.2,73.8
2026-08-27 02:00:00,28.9,76,14.9,30.2,2,239,3,0,0,0.0,25.8,67.4
2026-08-27 03:00:00,28.2,43,15.3,31.3,3,239,3,0,0,0.0,26.5,70.4
2026-08-27 04:00:00,27.7,38,15.0,32.8,4,239,3,0,0,0.0,32.1,63.8
2026-08-27 05:00:00,27.6,20,13.8,32.8,5,239,3,0,0,0.0,28.9,61.4
2026-08-27 06:00:00,27.2,38,14.5,31.7,6,239,3,0,0,0.0,25.9,60.0
2026-08-27 07:00:00,27.5,88,14.3,33.1,7,239,3,0,0,0.0,31.3,65.6
2026-08-27 08:00:00,28.3,54,13.9,33.8,8,239,3,0,0,19.9,21.9,68.6
2026-08-27 09:00:00,29.4,86,14.6,37.1,9,239,3,1,0,32.8,26.0,172.4
2026-08-27 10:00:00,30.7,79,14.8,38.2,10,239,3,1,0,70.7,29.9,183.3
2026-08-27 11:00:00,32.1,66,15.3,39.6,11,239,3,1,0,113.1,34.0,180.5
2026-08-27 12:00:00,32.9,86,15.7,41.0,12,239,3,1,0,133.2,34.9,192.3
2026-08-27 13:00:00,33.8,8,15.7,41.0,13,239,3,1,0,158.4,36.8,206.5
2026-08-27 14:00:00,34.3,7,15.1,41.0,14,239,3,1,0,133.1,34.0,199.2
2026-08-27 15:00:00,34.3,23,14.9,39.2,15,239,3,1,0,81.3,30.1,188.4
2026-08-27 16:00:00,34.0,59,15.5,38.9,16,239,3,1,0,18.0,30.4,204.3
2026-08-27 17:00:00,34.0,66,15.7,38.9,17,239,3,1,0,0.0,28.9,198.7
2026-08-27 18:00:00,32.8,96,15.5,37.1,18,239,3,0,1,0.0,33.0,168.4
2026-08-27 19:00:00,31.8,99,13.5,35.6,19,239,3,0,1,0.0,29.1,161.1
2026-08-27 20:00:00,31.1,100,14.0,28.8,20,239,3,0,1,0.0,23.8,168.6
2026-08-27 21:00:00,30.5,100,13.8,28.8,21,239,3,0,1,0.0,28.7,153.6
2026-08-27 22:00:00,30.0,100,14.2,28.4,22,239,3,0,1,0.0,28.2,153.6
2026-08-27 23:00:00,29.7,77,13.7,27.7,23,239,3,0,1,0.0,27.2,146.3
2026-08-28 00:00:00,29.0,49,11.8,27.4,0,240,4,0,0,0.0,21.9,63.8
2026-08-28 01:00:00,28.5,26,12.8,23.4,1,240,4,0,0,0.0,21.3,68.0
2026-08-28 02:00:00,28.2,21,15.6,31.7,2,240,4,0,0,0.0,34.1,62.6
2026-08-28 03:00:00,27.4,27,15.4,33.5,3,240,4,0,0,0.0,33.0,61.7
2026-08-28 04:00:00,26.8,19,14.9,32.4,4,240,4,0,0,0.0,28.3,61.6
2026-08-28 05:00:00,26.8,9,14.9,32.0,5,240,4,0,0,0.0,29.7,56.1
2026-08-28 06:00:00,26.2,83,14.3,32.8,6,240,4,0,0,0.0,31.1,54.8
2026-08-28 07:00:00,26.6,91,13.4,31.7,7,240,4,0,0,0.0,26.9,55.9
2026-08-28 08:00:00,27.4,60,13.2,32.0,8,240,4,0,0,18.2,26.2,67.5
2026-08-28 09:00:00,28.5,81,15.0,37.1,9,240,4,1,0,37.7,28.7,165.6
2026-08-28 10:00:00,29.8,93,15.3,39.2,10,240,4,1,0,55.2,33.5,185.3
2026-08-28 11:00:00,31.4,88,15.8,39.2,11,240,4,1,0,94.6,34.3,181.7
2026-08-28 12:00:00,32.3,63,15.7,40.7,12,240,4,1,0,152.4,34.8,186.2
2026-08-28 13:00:00,33.0,50,15.5,41.4,13,240,4,1,0,130.6,34.3,190.7
2026-08-28 14:00:00,33.6,99,15.8,40.7,14,240,4,1,0,54.3,36.0,186.6
2026-08-28 15:00:00,33.4,95,15.8,40.7,15,240,4,1,0,27.7,34.9,186.8
2026-08-28 16:00:00,33.1,63,16.0,40.0,16,240,4,1,0,16.8,35.8,180.4
2026-08-28 17:00:00,33.3,37,16.5,39.2,17,240,4,1,0,4.5,33.1,192.0
2026-08-28 18:00:00,32.1,45,15.9,38.9,18,240,4,0,1,0.0,33.1,175.2
2026-08-28 19:00:00,31.2,81,14.3,36.4,19,240,4,0,1,0.0,28.1,147.8
2026-08-28 20:00:00,30.5,95,12.9,29.9,20,240,4,0,1,0.0,23.3,157.0
2026-08-28 21:00:00,29.9,34,13.0,26.3,21,240,4,0,1,0.0,27.0,145.9
2026-08-28 22:00:00,29.4,30,12.9,25.2,22,240,4,0,1,0.0,23.7,151.8
2026-08-28 23:00:00,29.2,41,12.7,25.2,23,240,4,0,1,0.0,20.0,155.0
2026-08-29 00:00:00,28.6,49,12.0,26.3,0,241,5,0,0,0.0,19.1,71.4
2026-08-29 01:00:00,28.2,24,13.4,27.0,1,241,5,0,0,0.0,24.2,63.8
2026-08-29 02:00:00,27.8,62,14.7,30.2,2,241,5,0,0,0.0,27.1,48.1
2026-08-29 03:00:00,27.4,92,15.9,32.8,3,241,5,0,0,0.0,28.9,66.7
2026-08-29 04:00:00,26.8,84,16.4,34.6,4,241,5,0,0,0.0,31.3,62.7
2026-08-29 05:00:00,26.4,52,13.6,34.9,5,241,5,0,0,0.0,30.4,61.4
2026-08-29 06:00:00,25.7,62,12.9,29.5,6,241,5,0,0,0.0,23.0,56.7
2026-08-29 07:00:00,26.0,99,14.6,33.5,7,241,5,0,0,0.0,29.1,50.8
2026-08-29 08:00:00,26.8,95,15.5,37.4,8,241,5,0,0,0.0,32.7,55.6
2026-08-29 09:00:00,28.1,99,15.6,38.9,9,241,5,0,0,20.9,32.0,73.9
2026-08-29 10:00:00,29.5,97,16.2,40.7,10,241,5,0,0,54.1,36.7,66.5
2026-08-29 11:00:00,31.0,99,16.8,41.4,11,241,5,0,0,92.7,35.0,83.8
2026-08-29 12:00:00,31.9,97,17.2,43.9,12,241,5,0,0,123.5,39.3,80.3
2026-08-29 13:00:00,32.5,91,17.4,44.6,13,241,5,0,0,94.9,43.9,82.9
2026-08-29 14:00:00,32.9,81,17.4,43.9,14,241,5,0,0,70.5,40.1,93.3
2026-08-29 15:00:00,33.1,1,17.7,43.9,15,241,5,0,0,98.9,38.5,85.4
2026-08-29 16:00:00,33.0,8,17.7,43.9,16,241,5,0,0,59.7,39.8,94.3
2026-08-29 17:00:00,32.5,0,18.3,42.8,17,241,5,0,0,33.7,38.8,83.2
2026-08-29 18:00:00,31.5,4,17.5,42.1,18,241,5,0,1,0.0,37.4,159.2
2026-08-29 19:00:00,30.4,16,15.9,40.3,19,241,5,0,1,0.0,33.0,156.8
2026-08-29 20:00:00,29.8,71,13.3,32.8,20,241,5,0,1,0.0,25.0,155.9
2026-08-29 21:00:00,29.4,41,12.9,26.3,21,241,5,0,1,0.0,24.2,154.4
2026-08-29 22:00:00,29.0,89,12.7,24.8,22,241,5,0,1,0.0,22.6,151.5
2026-08-29 23:00:00,29.4,91,15.7,29.9,23,241,5,0,1,0.0,27.4,153.0
2026-08-30 00:00:00,28.7,2,17.0,34.9,0,242,6,0,0,0.0,31.2,72.4
2026-08-30 01:00:00,28.0,2,17.4,36.0,1,242,6,0,0,0.0,33.3,68.8
2026-08-30 02:00:00,27.2,6,17.4,36.4,2,242,6,0,0,0.0,30.9,70.4
2026-08-30 03:00:00,26.4,32,16.5,36.4,3,242,6,0,0,0.0,30.6,56.2
2026-08-30 04:00:00,25.7,46,15.6,34.6,4,242,6,0,0,0.0,29.0,51.0
2026-08-30 05:00:00,25.7,88,14.4,34.2,5,242,6,0,0,0.0,27.1,47.2
2026-08-30 06:00:00,25.2,83,13.2,33.5,6,242,6,0,0,0.0,25.1,50.7
2026-08-30 07:00:00,25.5,76,14.5,33.1,7,242,6,0,0,0.0,26.2,53.2
2026-08-30 08:00:00,26.5,100,14.3,34.9,8,242,6,0,0,0.0,30.5,47.3
2026-08-30 09:00:00,27.4,64,14.5,36.0,9,242,6,0,0,48.5,30.0,68.3
2026-08-30 10:00:00,28.7,97,15.6,38.9,10,242,6,0,0,54.4,33.6,70.2
2026-08-30 11:00:00,30.2,17,16.3,41.0,11,242,6,0,0,153.0,35.8,83.1
2026-08-30 12:00:00,30.9,33,17.7,44.3,12,242,6,0,0,170.1,39.1,88.4
2026-08-30 13:00:00,31.7,34,17.2,45.4,13,242,6,0,0,137.5,35.5,78.9
2026-08-30 14:00:00,32.7,63,16.7,43.6,14,242,6,0,0,84.1,38.7,99.0
2026-08-30 15:00:00,32.8,13,18.0,44.6,15,242,6,0,0,92.0,38.9,93.2
2026-08-30 16:00:00,32.5,9,18.9,45.0,16,242,6,0,0,60.6,41.6,88.7
2026-08-30 17:00:00,32.1,9,19.2,45.4,17,242,6,0,0,23.9,42.8,86.3
2026-08-30 18:00:00,31.0,5,17.8,43.9,18,242,6,0,1,0.0,38.4,163.6
2026-08-30 19:00:00,30.2,82,12.9,40.3,19,242,6,0,1,0.0,32.4,157.7
2026-08-30 20:00:00,29.6,94,14.0,27.4,20,242,6,0,1,0.0,27.5,154.3
2026-08-30 21:00:00,29.1,80,12.0,29.2,21,242,6,0,1,0.0,21.7,157.2
2026-08-30 22:00:00,28.6,45,12.3,25.2,22,242,6,0,1,0.0,18.7,153.8
2026-08-30 23:00:00,28.6,80,13.8,25.2,23,242,6,0,1,0.0,23.4,145.4
2026-08-31 00:00:00,28.1,77,14.8,30.2,0,243,0,0,0,0.0,26.6,65.9
2026-08-31 01:00:00,27.5,66,14.6,31.3,1,243,0,0,0,0.0,27.9,60.3
2026-08-31 02:00:00,26.9,89,14.1,30.6,2,243,0,0,0,0.0,27.0,56.2
2026-08-31 03:00:00,26.4,84,14.0,29.9,3,243,0,0,0,0.0,29.1,60.1
2026-08-31 04:00:00,26.0,76,13.8,29.5,4,243,0,0,0,0.0,21.5,65.6
2026-08-31 05:00:00,25.9,65,13.7,30.2,5,243,0,0,0,0.0,24.5,53.4
2026-08-31 06:00:00,25.3,91,12.9,32.0,6,243,0,0,0,0.0,28.3,54.9
2026-08-31 07:00:00,25.6,100,14.1,32.4,7,243,0,0,0,0.0,31.8,51.1
2026-08-31 08:00:00,26.4,98,14.3,34.9,8,243,0,0,0,0.0,32.4,61.2
2026-08-31 09:00:00,27.2,38,15.3,36.4,9,243,0,1,0,71.4,30.1,163.1
2026-08-31 10:00:00,29.1,100,15.9,39.6,10,243,0,1,0,55.4,33.3,172.5
2026-08-31 11:00:00,30.1,100,15.2,39.6,11,243,0,1,0,85.5,27.2,176.2
2026-08-31 12:00:00,30.8,93,15.0,38.5,12,243,0,1,0,128.1,32.6,175.2
2026-08-31 13:00:00,32.3,84,15.3,38.9,13,243,0,1,0,97.2,34.4,192.1
2026-08-31 14:00:00,32.8,97,18.2,45.0,14,243,0,1,0,52.8,41.4,182.4
2026-08-31 15:00:00,32.4,80,18.1,45.4,15,243,0,1,0,34.8,38.7,171.0
2026-08-31 16:00:00,32.1,40,18.9,45.0,16,243,0,1,0,35.1,42.5,185.9
2026-08-31 17:00:00,32.6,16,17.6,45.0,17,243,0,1,0,20.4,38.9,182.0
2026-08-31 18:00:00,31.4,8,16.6,40.7,18,243,0,0,1,0.0,32.6,163.7
2026-08-31 19:00:00,30.3,2,13.6,37.8,19,243,0,0,1,0.0,29.0,161.0
2026-08-31 20:00:00,29.8,0,11.9,28.1,20,243,0,0,1,0.8,20.4,146.9
2026-08-31 21:00:00,29.3,0,10.1,23.0,21,243,0,0,1,0.0,17.4,147.6
2026-08-31 22:00:00,28.6,0,9.0,20.2,22,243,0,0,1,0.0,15.1,149.1
2026-08-31 23:00:00,28.4,0,11.4,20.2,23,243,0,0,1,1.2,15.0,147.6
2026-09-01 00:00:00,27.8,0,11.8,23.8,0,244,1,0,0,0.0,20.9,59.2
2026-09-01 01:00:00,27.5,39,11.8,24.5,1,244,1,0,0,0.0,16.1,57.6
2026-09-01 02:00:00,27.0,34,11.2,24.1,2,244,1,0,0,0.0,20.7,56.7
2026-09-01 03:00:00,26.6,38,11.9,24.5,3,244,1,0,0,0.0,18.9,56.0
2026-09-01 04:00:00,26.1,34,13.2,27.4,4,244,1,0,0,0.0,25.0,51.9
2026-09-01 05:00:00,26.0,91,11.7,28.8,5,244,1,0,0,0.0,18.7,51.7
2026-09-01 06:00:00,25.5,91,12.0,25.9,6,244,1,0,0,0.0,20.0,56.3
2026-09-01 07:00:00,25.9,97,13.9,31.7,7,244,1,0,0,0.0,28.1,54.2
2026-09-01 08:00:00,26.4,98,15.4,37.1,8,244,1,0,0,0.0,35.0,57.3
2026-09-01 09:00:00,27.9,99,14.4,36.4,9,244,1,1,0,19.8,29.1,162.0
2026-09-01 10:00:00,29.1,98,14.8,37.1,10,244,1,1,0,52.8,32.3,171.3
2026-09-01 11:00:00,31.0,88,15.0,38.2,11,244,1,1,0,96.1,31.8,176.8
2026-09-01 12:00:00,31.2,88,14.2,37.4,12,244,1,1,0,128.5,34.8,179.4
2026-09-01 13:00:00,32.6,87,14.5,37.8,13,244,1,1,0,98.3,30.7,194.5
2026-09-01 14:00:00,32.5,72,15.4,39.6,14,244,1,1,0,73.9,33.8,184.9
2026-09-01 15:00:00,32.5,59,15.1,39.2,15,244,1,1,0,54.6,30.5,183.9
2026-09-01 16:00:00,32.6,88,14.4,38.2,16,244,1,1,0,0.0,27.2,196.7
2026-09-01 17:00:00,32.8,97,12.6,35.6,17,244,1,1,0,0.0,26.8,194.0
2026-09-01 18:00:00,31.8,88,14.1,32.0,18,244,1,0,1,0.0,26.2,166.7
2026-09-01 19:00:00,30.6,80,10.3,33.1,19,244,1,0,1,0.0,22.8,159.3
2026-09-01 20:00:00,30.0,73,7.0,19.4,20,244,1,0,1,0.0,9.0,156.1
2026-09-01 21:00:00,29.5,64,9.2,18.0,21,244,1,0,1,0.0,14.8,154.9
2026-09-01 22:00:00,29.0,64,10.2,19.8,22,244,1,0,1,0.0,17.0,151.1
2026-09-01 23:00:00,28.9,59,10.8,21.6,23,244,1,0,1,0.0,18.8,148.8
2026-09-02 00:00:00,28.2,67,10.1,21.6,0,245,2,0,0,0.0,13.4,70.0
2026-09-02 01:00:00,27.7,45,10.5,20.5,1,245,2,0,0,0.0,15.9,60.9
2026-09-02 02:00:00,27.3,60,11.3,22.7,2,245,2,0,0,0.0,17.9,64.4
2026-09-02 03:00:00,26.9,99,11.8,24.1,3,245,2,0,0,0.0,19.3,60.8
2026-09-02 04:00:00,26.6,80,11.7,24.1,4,245,2,0,0,0.0,19.7,61.4
2026-09-02 05:00:00,26.9,50,13.6,25.2,5,245,2,0,0,0.0,24.6,68.6
2026-09-02 06:00:00,26.3,68,11.9,28.1,6,245,2,0,0,0.0,23.1,62.1
2026-09-02 07:00:00,26.8,85,12.0,27.4,7,245,2,0,0,0.0,22.1,58.7
2026-09-02 08:00:00,27.8,93,12.3,31.0,8,245,2,0,0,0.0,24.2,73.1
2026-09-02 09:00:00,29.2,89,11.1,30.6,9,245,2,1,0,30.6,24.7,173.9
2026-09-02 10:00:00,31.1,74,12.1,33.1,10,245,2,1,0,73.0,25.6,165.5
2026-09-02 11:00:00,31.7,90,11.5,33.1,11,245,2,1,0,97.1,25.7,179.4
2026-09-02 12:00:00,32.7,84,11.6,32.8,12,245,2,1,0,129.9,22.7,187.6
2026-09-02 13:00:00,33.3,86,11.8,32.8,13,245,2,1,0,99.6,26.0,192.1
2026-09-02 14:00:00,33.7,27,12.0,33.5,14,245,2,1,0,111.0,28.3,192.3
2026-09-02 15:00:00,33.8,17,11.3,33.1,15,245,2,1,0,87.6,19.0,195.7
2026-09-02 16:00:00,33.5,16,12.0,31.7,16,245,2,1,0,54.5,23.1,197.8
2026-09-02 17:00:00,32.6,27,12.6,32.0,17,245,2,1,0,10.6,28.0,181.9
2026-09-02 18:00:00,31.7,27,11.2,31.3,18,245,2,0,1,0.0,25.1,158.9
2026-09-02 19:00:00,30.8,7,7.7,26.6,19,245,2,0,1,0.0,15.5,159.1
2026-09-02 20:00:00,30.3,12,7.0,16.2,20,245,2,0,1,0.0,5.8,148.8
2026-09-02 21:00:00,29.4,64,9.4,19.4,21,245,2,0,1,0.0,12.9,154.4
2026-09-02 22:00:00,28.8,37,10.3,19.8,22,245,2,0,1,0.0,20.0,156.2
2026-09-02 23:00:00,28.4,23,10.7,21.2,23,245,2,0,1,0.0,17.4,140.1
